{
  "project_info": {
    "project_number": "607626387692",
    "project_id": "aqua-sense",
    "storage_bucket": "aqua-sense.appspot.com"
  },
  "client": [
    {
      "client_info": {
        "mobilesdk_app_id": "1:607626387692:android:7a00321f91264bfbc305c9",
        "android_client_info": {
          "package_name": "com.app.aqua_sense"
        }
      },
      "oauth_client": [],
      "api_key": [
        {
          "current_key": "AIzaSyCLAwoUY0SrseC1q6rOeShOoRyvlFnG5AQ"
        }
      ],
      "services": {
        "appinvite_service": {
          "other_platform_oauth_client": []
        }
      }
    }
  ],
  "configuration_version": "1"
}